date,xRMW,xSRMW
1960-07-29,-0.02292974847466222,-0.009247321209949349
1960-08-31,-0.010069952080080886,-0.00298540404580451
1960-09-30,-0.00955045740160336,-0.004120184559337797
1960-10-31,-0.009218797793685299,-0.028986783425628306
1960-11-30,0.01397011295658053,0.005551715268592106
1960-12-30,0.00301078395173323,-0.011449379287796005
1961-01-31,-0.028445420870720044,0.011597411455772033
1961-02-28,0.0010485982916805803,0.033390010565596234
1961-03-30,0.006984200587143864,0.01754427166009284
1961-04-28,-0.007984235110204553,-0.002511071886856942
1961-05-31,0.009556016200608086,0.023341234968097962
1961-06-30,0.011444465001141935,-0.01827014688490717
1961-07-31,0.012074205095316013,-0.014472685400091912
1961-08-31,0.003699280992879488,-0.002201932834321369
1961-09-29,0.03774069232779249,0.0019134760522228553
1961-10-31,0.007193594171813037,-0.005106063714644345
1961-11-30,0.0007347596338451445,0.006707137749657248
1961-12-29,-0.03574247851387694,-0.025278460958810613
1962-01-31,-0.010541213209700395,0.0161970209382582
1962-02-28,-0.01467140723197596,-0.007143538886934187
1962-03-30,-0.00028167720740336806,2.3021053463696817e-08
1962-04-30,0.001401358993856655,-0.008555494678956652
1962-05-31,-0.01574577626273352,-0.030649343508917792
1962-06-29,-0.021901797391715563,0.00433554724367953
1964-07-31,-0.00053361970574798,0.008839411037834068
1964-08-31,-0.002301993283677098,0.006643396221864717
1964-09-30,-0.004557880334154996,-0.0047490327338373835
1964-10-30,-0.0040035755045147,0.015750495525583635
1964-11-30,0.004292546755893777,-0.002833193441066159
1964-12-31,0.012912033103511248,-0.0060456764979395705
1965-01-29,0.005670528734274316,0.023189781448278282
1965-02-26,0.0034416357677822043,0.03313897807077071
1965-03-31,0.0004276173576191287,0.01859630539166694
1965-04-30,0.006541543638556024,0.008082033300242465
1965-05-28,-0.007097123505971338,0.00010316237283483469
1965-06-30,0.0022271710690321272,-0.038172941992920796
1965-07-30,-0.014683122657797157,0.010930069589728673
1965-08-31,0.01779417253155806,0.031426338438396276
1965-09-30,-0.014613369667383469,0.009122128292473032
1965-10-29,0.011153268211740196,0.03350835020206851
1965-11-30,-9.772576962302146e-05,0.0446860853124113
1965-12-31,-0.009464647797750109,0.026291976041010967
1966-01-31,-0.016944445970974498,0.03591328155344375
1966-02-28,-0.007231359629878207,0.041874339011102456
1966-03-31,0.016747970652464132,0.0021910131166160557
1966-04-29,0.0008168282661889584,0.032329066908975024
1966-05-31,0.017923856681820394,-0.04129282290659635
1966-06-30,0.004662117165602132,0.022874146275312167
1966-07-29,-0.0036354173761691602,-6.928895281148144e-05
1966-08-31,-0.009947009173539911,-0.030374800347151926
1966-09-30,-0.017482215568438576,-0.01717358719625037
1966-10-31,-0.03680030294621799,-0.05593390343865923
1966-11-30,0.04578185435540999,0.033236368181995476
1966-12-30,0.005518701867355546,0.017770918032199337
1967-01-31,0.01356352176982327,0.09168360665257094
1967-02-28,0.01752625637628307,0.020548945706669684
1967-03-31,0.014570853445132655,0.020030565656722697
1967-04-28,0.023070732208306008,0.005551942188871513
1967-05-31,-0.009272067165352504,0.02971486945372074
1967-06-30,-0.007968464221638848,0.061085606346837046
1967-07-31,0.011272392881386234,0.03535472749819655
1967-08-31,0.0008010948537765699,0.006154568786787987
1967-09-29,0.006256573399270493,0.019473519941065637
1967-10-31,0.004902056410814454,-0.0011217657459489279
1967-11-30,0.013968776706655722,-0.0037752558074699936
1967-12-29,-0.011118022388092924,0.04964421220663051
1968-01-31,-0.04896557433819144,0.04157531230768544
1968-02-29,0.0011625508481944366,-0.028397390436187026
1968-03-29,0.015743754300284712,-0.012246306825100481
1968-04-30,0.02690953729842839,0.06720467334251652
1968-05-31,0.007071284297837883,0.07062560290634624
1968-06-28,-0.01483022950942689,-0.008043845670589932
1969-07-31,0.011169930679408038,-0.033890464461562235
1969-08-29,0.01063657278836376,0.007694017469064111
1969-09-30,0.035085606443896175,0.019421788479710288
1969-10-31,-0.002400310529752092,0.034957842151690934
1969-11-28,0.01597095112056307,-0.022698739829786922
1969-12-31,0.022813054963021884,-0.03860266707394214
1970-01-30,-0.015768599788901938,0.031345298978862894
1970-02-27,-0.03078786733205649,-0.027314252075113857
1970-03-31,-0.010221515612326228,-0.02457928306027439
1970-04-30,-0.008623787667456473,-0.06700686305274747
1970-05-29,-0.01310735133056308,-0.05021580074827336
1970-06-30,-0.003585182070637516,-0.02519022461550237
1970-07-31,0.0018416250572422244,-0.007278054433410022
1970-08-31,0.0027619415172939754,0.01954628175855745
1970-09-30,0.004157474869164263,0.09072632937660755
1970-10-30,0.015130725227280185,-0.04638005714117857
1970-11-30,0.015400544305276678,-0.03845529676534404
1970-12-31,0.0055154064002184144,0.030607116944528293
1971-01-29,-0.022321126923474238,0.0728093809851678
1971-02-26,0.010432198343478055,0.022937031917472844
1971-03-31,0.018518109886080825,0.02591707300340091
1971-04-30,-0.013281362017191628,-3.272913398983529e-05
1971-05-28,0.012768081499908393,-0.008292723152923627
1971-06-30,0.01836030506565333,-0.012980816870799997
1971-07-30,0.004451209637157838,-0.01469188990376466
1971-08-31,-0.0032339803796641448,0.002986854992306144
1971-09-30,0.022609064778991574,-0.0009849676328813
1971-10-29,0.011521547007964858,-0.019773878069167805
1971-11-30,0.023182011286873097,-0.028967772897031646
1971-12-31,-0.004399826176354399,0.03156980704980178
1972-01-31,-0.016743922127936316,0.06623870550165015
1972-02-29,0.020714455069274634,0.0072796809778118594
1972-03-30,0.018322117602852052,-0.0025946907340851093
1972-04-28,-0.00572003834005577,-0.001383522258521612
1972-05-31,0.02412668832104018,-0.03430140594045328
1972-06-30,0.017969019696295926,-0.0063866598503665994
1972-07-31,0.015189054698068253,-0.025581776896466776
1972-08-31,-0.02027016241708682,-0.03148956436124626
1972-09-29,0.01785184731453763,-0.021582485879976306
1972-10-31,-0.0005335773498879003,-0.02390103934679342
1972-11-30,-0.019570983726515778,-0.002075341846117802
1972-12-29,0.026861251485290318,-0.017391964282803537
1973-01-31,0.001024627700155975,-0.028031016259948204
1973-02-28,-0.0027495522714782172,-0.037862096789869834
1973-03-30,-0.008814854729653957,-0.020123660481130384
1973-04-30,-0.020028574925905505,-0.02886083291298156
1973-05-31,0.018679862481921022,-0.057851561554802325
1973-06-29,0.0001533407117631086,-0.0229443378324395
1975-07-31,0.0026527931943842384,0.03851298571588807
1975-08-29,0.010560564998393467,-0.027445921996515563
1975-09-30,0.006263983278562653,0.0006738344219874223
1975-10-31,-0.005623855322854199,-0.04373106718832322
1975-11-28,-0.004552129769123479,-0.010515529765520535
1975-12-31,0.001009824506364814,0.005197724677697751
1976-01-30,-0.016884365757057707,0.07366365309403847
1976-02-27,-0.025236265743258497,0.08728811175402632
1976-03-31,-0.003166945260904143,-0.016145041994884264
1976-04-30,0.004509564836957327,0.001315982966024483
1976-05-28,0.023699804156419445,-0.009076705250198032
1976-06-30,-0.00625416801537812,-0.006604571978549516
1976-07-30,-0.009668420386854523,0.004784685286720068
1976-08-31,-0.004988887977746237,-0.024711136874075362
1976-09-30,0.009095992120282517,0.002223024645595092
1976-10-29,-0.002051694718336154,-0.0019472744435410083
1976-11-30,-0.013537891350340343,0.02709223583165439
1976-12-31,-0.00638459931495991,0.04177520392739668
1977-01-31,-0.005418477946196086,0.06602136959959587
1977-02-28,-0.0014664552785628344,0.009202806838083525
1977-03-31,-0.0027548231213204277,0.01598445642401629
1977-04-29,-0.021308231754421213,0.007029475816473471
1977-05-31,0.004949468045582434,0.014513667980704605
1977-06-30,0.006796276368908574,0.02144272298257658
1977-07-29,0.008032945004312984,0.014818953870499403
1977-08-31,0.010142895331434741,0.008889146043496431
1977-09-30,0.010355236351873253,0.014065950762484025
1977-10-31,-0.0006119943691102955,0.01487495426635465
1977-11-30,-0.001684245555209997,0.037797121484321884
1977-12-30,0.007312927439143687,0.017823194011881906
1978-01-31,-0.01649997459410063,0.028417983327080055
1978-02-28,0.0043966437559553925,0.03591768708557693
1978-03-31,-0.004175974663563599,0.04052527501119618
1978-04-28,0.02925627898394141,-0.001700119274930731
1978-05-31,0.0018517681796345678,0.047100599351330714
1978-06-30,-0.014776404797282032,0.01633511141988555
1978-07-31,0.013887910656218042,0.0035888191400357955
1978-08-31,0.014207742869212281,0.050605731562347996
1978-09-29,-0.0064763602945447606,-0.002684669028058079
1978-10-31,0.0008216883129765484,-0.10376262476850846
1978-11-30,0.010944136483273602,0.03012998003893499
1978-12-29,0.020484661680896337,0.01342222599800418
1979-01-31,-0.024667802759688662,0.03610403149986664
1979-02-28,-0.010722758860519929,0.0037394499777629667
1979-03-30,0.005506189812305162,0.038078589998973095
1979-04-30,0.013186007666126572,0.028314125342800256
1979-05-31,-0.015735575434066704,-0.0009445099803395834
1979-06-29,-0.016107814474804527,0.009707344149812433
1980-07-31,0.04403412600011143,0.04248994017081691
1980-08-29,0.021196045577349193,0.04387750023901647
1980-09-30,0.018455885896021082,0.008416918684705618
1980-10-31,0.018492034723915064,0.02439524390380763
1980-11-28,0.045333754399620646,-0.024849410197778615
1980-12-31,-0.013234594065539146,-0.00973415152891918
1981-01-30,-0.03454095476501345,0.02460790067093073
1981-02-27,0.003735138900261019,-0.005635447396671276
1981-03-31,-0.018712091034579076,0.027630199609424297
1981-04-30,0.009143497089876053,0.04607484497756516
1981-05-29,0.004251006654948465,0.024964072204900933
1981-06-30,-0.015581433624596675,-0.014872990921961518
1981-07-31,0.009773684623597846,-0.021943200661852548
1981-08-31,-0.0029962982505544605,-0.01945085658988436
1981-09-30,0.0028416393887883695,-0.02862480308418494
1981-10-30,0.03026729597841795,0.02824985876591391
1981-11-30,0.001063607612927897,-0.020783212114608113
1981-12-31,0.004445075706293773,0.012240097121657457
1982-01-29,-0.015424089428039169,-0.01428929143661975
1982-02-26,-0.03512901266997773,-0.0006563746558513397
1982-03-31,-0.014865930871269386,-0.003925130782995968
1982-04-30,0.013297559889880378,0.012833113405372833
1982-05-28,0.007632440628371678,0.00395556733990874
1982-06-30,0.0003840225874069611,-0.006078247890868138
1982-07-30,0.008498082298448732,0.007970384474235427
1982-08-31,-0.019782266780778074,-0.04795319679804819
1982-09-30,0.021799907725671003,0.024857872361267207
1982-10-29,8.517391625967319e-05,0.02351864752348741
1982-11-30,-0.011176107055845763,0.04385810829306475
1982-12-31,-0.002919894218407942,-0.0016931428127959641
1983-01-31,-0.017513734074589137,0.040733448390020584
1983-02-28,-0.003844494671183578,0.02134893434164574
1983-03-31,-0.0035133213148256237,0.010249512218602819
1983-04-29,-0.0025915550679717486,0.006179509434320732
1983-05-31,-0.01784321501268667,0.06618463510173359
1983-06-30,0.024660861442326265,0.013817142418943412
1983-07-29,-0.003061652453873083,0.006941975280340799
1983-08-31,0.005183798977492958,-0.04064164806157103
1983-09-30,0.012874711475364058,-0.00045441335422742937
1983-10-31,-0.00709792238446285,-0.044282291935829304
1983-11-30,-0.006437097415477495,0.016071572447048203
1983-12-30,0.01930240794365186,-0.0030030482487325948
1984-01-31,-0.009077271099027947,0.0013245575207965262
1984-02-29,0.008807532260961898,-0.013754709742905769
1984-03-30,-0.00848650191247946,-0.004181677107987678
1984-04-30,0.03418279077836541,-0.0041555357179819605
1984-05-31,0.02211567304631351,0.001759273096173422
1984-06-29,0.03334914432852599,0.008269781754155294
1986-07-31,-0.004072165223195909,-0.04078829959532366
1986-08-29,-0.01476402649185362,-0.042141851064132305
1986-09-30,-0.001150773233968977,0.023224934413249562
1986-10-31,-0.0011483258819923875,-0.024196525193285967
1986-11-28,0.009410836968810553,-0.01922405223266342
1986-12-31,0.00824770824155259,-0.0012214143612966563
1987-01-30,-0.0011096256429933005,-0.014576711141215976
1987-02-27,-0.006448699254050977,0.030784073596275087
1987-03-31,0.012289392285542223,0.006937725156186476
1987-04-30,-0.007113236774740347,-0.014118210253621153
1987-05-29,0.003669745572284452,-0.002317041851679168
1987-06-30,0.017504498031056755,-0.021032309431160804
1987-07-31,-0.00850037442222628,-0.014888651009053969
1987-08-31,0.0219075417556995,-0.007788864447122207
1987-09-30,-0.00862629247928071,0.001206505549235258
1987-10-30,0.025418922119907927,-0.0772524103493776
1987-11-30,-0.016674928982733636,0.026892795717532718
1987-12-31,0.028667034456576382,0.00405362419712782
1988-01-29,-0.011202895053975426,-0.004287877172937889
1988-02-29,0.013200248814443663,0.03345651028155525
1988-03-31,-0.003964647382498916,0.06438888282246968
1988-04-29,-0.0009342802686930062,0.012292199943514423
1988-05-31,-0.00773566949786715,-0.02595729146287419
1988-06-30,0.014651055096571608,0.019481548103916745
1988-07-29,-0.005020614733075202,-0.003938502531706581
1988-08-31,-0.008149200182613975,-0.0024775454090482825
1988-09-30,0.021113002299681462,-0.012525523166588785
1988-10-31,0.014745616437262797,-0.025246444487214807
1988-11-30,0.0006686575161034998,-0.015181561462592915
1988-12-30,0.00644871989732277,0.020841730732636735
1989-01-31,-0.009059393004946098,-0.02110566762439455
1989-02-28,-0.007240291143717351,0.026584344427878166
1989-03-31,0.0011996459066713691,0.003959433819627191
1989-04-28,0.008479184455467838,-0.008388501246981428
1989-05-31,0.004187078905315056,-0.0011907049159816593
1989-06-30,0.002341121037177551,-0.010802824225044041
1989-07-31,0.02014454141115303,-0.037197921969976996
1989-08-31,0.004873695869364737,0.005539204149848001
1989-09-29,0.012503083284012048,0.00678880941040186
1989-10-31,-0.0013171405584157456,-0.03095813889711014
1989-11-30,-0.010803787375875963,-0.014082875466542424
1989-12-29,-0.0033206598815279566,-0.02064685260166271
1990-01-31,-0.011667676848324399,-0.014422758165879998
1990-02-28,-0.001510974280703157,0.013022156837858683
1990-03-30,0.02005119985665543,0.018521609528716048
1990-04-30,0.017143808775605597,-0.002028577678306203
1990-05-31,0.013676680388469184,-0.020806504473215567
1990-06-29,-0.00833052053248175,0.007908019999896525
1992-07-31,0.010959374409900781,-0.003658395502150316
1992-08-31,0.0353602570340589,-0.0008602402340712675
1992-09-30,0.014563961659565645,0.008736095283115844
1992-10-30,0.010104749435159106,0.024117148736328822
1992-11-30,-0.003288155119294048,0.03823446924080409
1992-12-31,-0.002602020654503205,0.016393814109127873
1993-01-29,-0.024830322235757367,0.010686613291694097
1993-02-26,-0.005977306264772766,-0.0366441705851691
1993-03-31,-0.0043431832129942095,0.0025425418929306727
1993-04-30,-0.03825337804636491,-0.013238122743817301
1993-05-28,-0.005234986780996431,0.023377986379695275
1993-06-30,-0.009995920340569776,-0.0021341498661647503
1993-07-30,-0.016979226202311144,0.0017147328045282661
1993-08-31,-0.016033263076793196,-0.0023051744335050237
1993-09-30,0.0029434911757913913,0.03299273526175594
1993-10-29,0.0007387744833538441,0.018122522921345266
1993-11-30,0.023336514354698263,-0.012124959379916637
1993-12-31,0.011421963460899166,0.014521711247655854
1994-01-31,-0.01685945615174056,-0.0035692491444055292
1994-02-28,0.021654705239412902,0.02592200568951647
1994-03-31,0.006791842550010613,-0.01025030273915864
1994-04-29,0.015022955909363976,-0.006871504313463483
1994-05-31,0.008908085494345231,-0.024551305862256217
1994-06-30,0.012864841987587895,-0.00732066762708557
1994-07-29,-0.008514490824549942,-0.020749463162407417
1994-08-31,0.007214941324470009,0.01770066648800843
1994-09-30,0.00337793489459989,0.024038443542350206
1994-10-31,-0.0007708715178998248,-0.02238600139251305
1994-11-30,0.004236297493846471,-0.00017252952690033352
1994-12-30,0.0059676058992589286,-0.0021493390034024278
1995-01-31,0.0008067992438375981,-0.03223156611027582
1995-02-28,0.006653869821642254,-0.002063739163713746
1995-03-31,-0.002064278698450394,-0.00446619367602023
1995-04-28,0.0016721125404067574,-0.0006639603980611933
1995-05-31,0.0040262112192845124,-0.018839823978055458
1995-06-30,-0.004885960137611403,0.02974584672696576
1995-07-31,0.0008766475717521677,0.02036003819066104
1995-08-31,-0.013567320731744749,0.01622442718204315
1995-09-29,0.009179288421182763,-0.013204212288393476
1995-10-31,0.021740274278095557,-0.0377497802557746
1995-11-30,-0.005565237431664358,-0.01136495676176677
1995-12-29,-0.013704175317143569,0.006014139766511538
1996-01-31,0.00279898475468484,-0.02217551096653741
1996-02-29,0.0012879063616675311,0.018964830007512954
1996-03-29,0.013772645733103066,0.01932050139418593
1996-04-30,-0.0031859149199586836,0.04664230080602847
1996-05-31,-0.0011392740733004794,0.03304092285487145
1996-06-28,0.037134349641924684,-0.030827371721887452
1997-07-31,0.00173862066602741,-0.02702132419361078
1997-08-29,-0.010787064683383054,0.07557747936953868
1997-09-30,-0.01809927856122949,0.022749805162356106
1997-10-31,0.01109883410809552,-0.0066125467837477095
1997-11-28,0.02918864181468245,-0.045333708879164075
1997-12-31,0.01096881464300909,-0.014564052465526157
1998-01-30,0.010488870421737849,-0.012861070363503119
1998-02-27,-0.004936552473185737,0.0005600454694798668
1998-03-31,-0.005612187029147397,-0.00870214391145211
1998-04-30,-0.01599676490374844,-0.004998202503102936
1998-05-29,0.010290488832051338,-0.028343444290063958
1998-06-30,-0.0025127562337049526,-0.039260874625401135
1998-07-31,0.017164042273363517,-0.052961982351434636
1998-08-31,0.035732819983095465,-0.04357136471534581
1998-09-30,-0.020176253729024915,-0.01338614399349665
1998-10-30,0.008712332780636482,-0.03420690165084015
1998-11-30,-0.013688302340382916,0.00043494557650862464
1998-12-31,-0.009140444328126149,-0.02105196319301498
1999-01-29,-0.03080202302732182,-0.019500438173594026
1999-02-26,-0.010791716985061109,-0.05372467455418227
1999-03-31,-0.034720019973040535,-0.05555931330033679
1999-04-30,-0.01331842036400853,0.053107074582132006
1999-05-28,0.006555955736887168,0.042562027986597334
1999-06-30,0.008871135347138924,0.015826376395671277
1999-07-30,0.004471270648282288,0.023617746132631144
1999-08-31,-0.0008979414052132824,-0.020075041770296544
1999-09-30,-0.005929314662948479,0.018528890514313244
1999-10-29,-0.01686069989538916,-0.0797187301023344
1999-11-30,-0.04381061854048806,0.043239994798219834
1999-12-31,-0.07969763391907142,0.021648684185962414
2000-01-31,-0.0639712164301128,0.02845287818966128
2000-02-29,-0.1914183938239026,0.13322494717609876
2000-03-31,0.1178077323529053,-0.11928273214703602
2000-04-28,0.08714059493382939,-0.028035456436824875
2000-05-31,0.04507219758133704,-0.021790985968563423
2000-06-30,-0.08960172766970725,0.06951272761803495
2000-07-31,0.05913266921676166,0.016211661730912458
2000-08-31,-0.036525043948964456,-0.013565121810645175
2000-09-29,0.028725598501190483,0.022506866301599985
2000-10-31,0.09235811240583812,-0.0037010290053021214
2000-11-30,0.13660819638908467,0.04079155571477816
2000-12-29,0.02402277909747165,0.057080609367984265
2001-01-31,-0.05952858070872524,0.0355163590471268
2001-02-28,0.09184166508012014,0.06472721873319295
2001-03-30,0.037901090295351686,0.042347445411291956
2001-04-30,-0.0412423917671968,-0.02628335718473486
2001-05-31,0.006664976896868832,0.04524472295822489
2001-06-29,0.01731851533745715,0.07358785434692502
2003-07-31,-0.040130690304683955,0.038161510485118136
2003-08-29,-0.022073710112972593,0.02457922744096355
2003-09-30,0.009367423964832951,0.0040202854460832434
2003-10-31,-0.013719114665973253,0.027536203867299193
2003-11-28,0.0010735819394322686,0.02618912583021138
2003-12-31,0.005121316014314092,-0.024037297759589814
2004-01-30,-0.03700039987936121,0.02116239406096607
2004-02-27,0.020197815260050222,-0.004567203963760497
2004-03-31,0.015327100578046468,0.025091144605188888
2004-04-30,0.03989283000625199,-0.017579396857046698
2004-05-28,-0.012663370984546679,-0.00559779087710289
2004-06-30,0.014214382773959217,0.029523917781014094
2004-07-30,0.05122495315162869,-0.019476817459436788
2004-08-31,0.011627593124930193,-0.00957053082959571
2004-09-30,-0.013916279814828264,0.031775551709568396
2004-10-29,-0.0039597885763269225,0.0036267588989011695
2004-11-30,-0.00745385243865801,0.04138676957599379
2004-12-31,-0.011403384352800708,-0.003213801486297685
2005-01-31,0.029717054759112176,-0.007048179432549123
2005-02-28,0.012969137792700657,0.000648864557023919
2005-03-31,0.004309464626551598,-0.012956603816452448
2005-04-29,0.010562637419699032,-0.0389956256214935
2005-05-31,-0.013141998084524459,0.025885311901595244
2005-06-30,0.009707568224433083,0.03514080099519748
2005-07-29,-0.013406041829264304,0.024440231793532614
2005-08-31,-0.018182331745709112,-0.011695217776529654
2005-09-30,0.0002997052536063659,-0.0032228530211575214
2005-10-31,-0.007665086361140022,-0.01826044408202062
2005-11-30,-0.008343960063803377,0.00667386808573496
2005-12-30,0.002863065383947525,-0.0006064546940100606
2006-01-31,-0.009831636636051674,0.058077144883893594
2006-02-28,-0.00477502928375388,-0.0043426219711022165
2006-03-31,0.0012454334696049008,0.03265591764543785
2006-04-28,0.018506342040317272,-0.0035204592610916493
2006-05-31,0.010930949711015846,-0.027872336804944838
2006-06-30,0.011706951467164765,-0.0005494118265806468
2006-07-31,0.01506288645211436,-0.034802509105798345
2006-08-31,-0.020492484940217087,-0.0013781852033683262
2006-09-29,0.008815298087315552,-0.011250497790516057
2006-10-31,0.0004346808116423226,0.020073240111832556
2006-11-30,0.0012089708956165637,0.007402275152145185
2006-12-29,-0.005086167714288494,-0.008493372953181344
2007-01-31,0.005259065581120284,0.00041347069254783417
2007-02-28,-0.0042786817750697275,0.01392904428692144
2007-03-30,0.0016191810710405301,-0.0005209707306356674
2007-04-30,0.009638581420279797,-0.01950775528701236
2007-05-31,0.012359106759887085,0.005239890904780095
2007-06-29,0.0031635590120185336,0.005662568510959731
2008-07-31,-0.015087399143283078,0.04174399038889423
2008-08-29,0.020190615800965202,0.03810295315752751
2008-09-30,0.025086092900536927,0.015654236881752687
2008-10-31,0.030036678244332232,-0.02595095060369887
2008-11-28,0.044980285067628384,-0.034357702249152244
2008-12-31,-0.002438271623292125,0.03524746103121547
2009-01-30,0.0039053589527840993,-0.033783142311098774
2009-02-27,0.010651768618530288,-0.015830319599634962
2009-03-31,-0.026952934300399467,0.0023640530715524077
2009-04-30,0.012199537772990848,0.07262378926160167
2009-05-29,-0.011711916166027847,-0.0261510760941334
2009-06-30,-0.014222180522844644,0.021999004375773894
2009-07-31,-0.002096751692113971,0.027049520533892077
2009-08-31,-0.026118206068553057,-0.002814484475651198
2009-09-30,0.01489343727453072,0.030622534092612175
2009-10-30,0.04421644962298593,-0.042870709205621194
2009-11-30,0.0079042734725469,-0.02883373469807727
2009-12-31,0.014635506334785664,0.06607860268603642
2010-01-29,-0.01441427000945969,0.0001667871033744564
2010-02-26,-0.003493235727978411,0.01490650564223528
2010-03-31,-0.009152158389332254,0.018279115163147272
2010-04-30,0.007033090967014835,0.051874101737434605
2010-05-28,0.014143334820485923,0.0031054511454894906
2010-06-30,-0.0015859820965819088,-0.030877142486611234
2010-07-30,0.0037848188559202467,0.0021656843171092843
2010-08-31,0.007344765919452448,-0.030543759884135616
2010-09-30,-0.0020441172012793246,0.03406076272599505
2010-10-29,0.013962921605355706,0.006971087248274659
2010-11-30,0.003682345413435102,0.03277711450150938
2010-12-31,-0.03740066740051963,0.006293610520360732
2011-01-31,-0.003502591687828847,-0.020157587178703636
2011-02-28,-0.016549690251632818,0.01659986366210036
2011-03-31,0.019628181319192986,0.02902591377166647
2011-04-29,0.011428140251876807,-0.0025267067285301703
2011-05-31,0.01990405925182925,-0.004672477779355682
2011-06-30,0.020736446495907102,0.00016791370454966384
2011-07-29,0.027324314881147123,-0.008847187474555655
2011-08-31,0.03599277770033715,-0.022523804446219542
2011-09-30,0.023534945014630784,-0.0299030746113233
2011-10-31,-0.023384317871285865,0.026697049639539464
2011-11-30,0.018302780543863043,0.0006299245027566944
2011-12-30,0.011816242411227642,0.0029503391910093695
2012-01-31,-0.023216406205820155,0.013923374842429136
2012-02-29,-0.0032784422877189037,-0.016837277998063744
2012-03-30,-0.009143829938490361,-0.006485618664145865
2012-04-30,0.0109287886418653,-0.0031707035733559395
2012-05-31,0.022191992830406487,0.006273665123472549
2012-06-29,-0.01299492166652045,0.008409398094983665
2014-07-31,0.011911735534218537,-0.03947290988943502
2014-08-29,-0.007033349674140328,0.00024693705261705223
2014-09-30,0.0076731548686108896,-0.03457964113689988
2014-10-31,-0.008378026846356131,0.03730512893250515
2014-11-28,0.013945786244599002,-0.023006357895626488
2014-12-31,-0.01590627822638186,0.026390269624118536
2015-01-30,0.014454147603762981,-0.007329519180448038
2015-02-27,-0.01102111950903091,0.0010492650676235254
2015-03-31,-0.00010554781862884624,0.033566192218164786
2015-04-30,0.0010131083550039728,-0.031136928995619706
2015-05-29,-0.02139275852212071,0.005503041941569893
2015-06-30,0.0003930003943544511,0.030510207288436564
2015-07-31,-0.003535825016508046,-0.04478253440529424
2015-08-31,0.008029470442210418,0.007137407232196899
2015-09-30,0.012777797300284936,-0.02515027772784851
2015-10-30,0.005272602506146515,-0.02113467754750812
2015-11-30,-0.030337667908042994,0.031364994226123946
2015-12-31,0.0024167637713525467,-0.028300642497379166
2016-01-29,0.03084479948256788,-0.029132167404074052
2016-02-29,0.04183344257055568,0.014259901921649405
2016-03-31,0.008518188250590045,0.011769793658962996
2016-04-29,-0.026834911460989718,0.008289219241997192
2016-05-31,-0.018739948186390708,-0.009329067114068662
2016-06-30,0.01975428135673219,0.006859091387067301
2016-07-29,0.008798222182632404,0.027411029622373233
2016-08-31,-0.01842699466728134,0.011398393636202526
2016-09-30,-0.02095041830216644,0.012574306044342398
2016-10-31,0.011982628323800898,-0.03659848639667589
2016-11-30,-0.012191958320675711,0.06725065887731063
2016-12-30,0.010998375700839419,0.004966160054712863
2017-01-31,-0.005186240601588782,-0.01527876492830221
2017-02-28,0.001692678728176366,-0.018708139845117003
2017-03-31,0.0054601783050462135,0.003985796036467898
2017-04-28,0.02110139296917365,0.004122408766189713
2017-05-31,0.013043412089688749,-0.03031255036555066
2017-06-30,-0.023572575351883965,0.025236940455802763
2017-07-31,-0.007262954577391692,-0.018254512081585888
2017-08-31,0.004090505837816352,-0.01860620597626471
2017-09-29,-0.0141798151334709,0.04261280049067985
2017-10-31,0.011163009244031637,-0.015787471149332606
2017-11-30,0.03126631969334358,0.004900180971153349
2017-12-29,0.006786845750557264,-0.008475670309772493
2018-01-31,-0.007686437576232795,-0.030515749798262503
2018-02-28,0.007796140405497594,0.0040500422077859935
2018-03-29,-0.005872138882196448,0.0370745339491801
2018-04-30,-0.019752785991762275,0.0012058670395492703
2018-05-31,-0.020250144683185062,0.037975361741250296
2018-06-29,0.011133087493780901,0.0018537228440943512
2020-07-31,0.0040258733257428556,-0.0331540249569938
2020-08-31,0.04254207788567164,-0.004035348305103104
2020-09-30,-0.01966278333212176,-0.0005875795780140164
2020-10-30,-0.001575501844197599,0.04221300713268296
2020-11-30,-0.026897890594397317,0.07148465194454628
2020-12-31,-0.01766386984433853,0.045997806574246604
2021-01-29,-0.042784655768658475,0.06299141700600346
2021-02-26,0.013102689514337143,0.05276527660047611
2021-03-31,0.07064495656576404,0.00927713720423088
2021-04-30,0.03225759826726912,-0.03158773442735575
2021-05-28,0.028596087233469257,0.022175529914808426
2021-06-30,-0.02659091665341192,-0.01042978666762513
2021-07-30,0.05877811973822295,-0.03817523077008544
2021-08-31,-0.0012581127353177082,-0.009570000011260044
2021-09-30,-0.015572748098716074,0.010587703510445495
2021-10-29,0.0209358032326383,-0.028244940022801222
2021-11-30,0.07492930270501905,-0.0033435436309187452
2021-12-31,0.05603111763783414,0.007355401940022582
2022-01-31,0.01208369630006885,-0.029239861093025683
2022-02-28,-0.0206799894649783,0.028022072943365353
2022-03-31,-0.017062637992919776,-0.022843873507717844
2022-04-29,0.037409520650742586,0.007517159528637268
2022-05-31,0.019445784397595874,0.012273305516678747
2022-06-30,0.02041886236855922,0.009299067428735597
2022-07-29,0.009306588380164293,0.018161198657190458
2022-08-31,-0.04413246289243131,0.00918976855430459
2022-09-30,-0.01264983888122427,-0.012608311630515318
2022-10-31,0.03496551877076409,0.02870549444108754
2022-11-30,0.07059192756245934,-0.015897061495782357
2022-12-30,0.006458169811473735,0.00045920692727649537
2023-01-31,-0.03759371987789206,0.035685197926323284
2023-02-28,0.010715806926049724,0.0013871760374413282
2023-03-31,0.02365832371379784,-0.07421856229100347
2023-04-28,0.024514131748567532,-0.01742280210658144
2023-05-31,-0.028177872462722457,-0.011873398371509289
2023-06-30,0.02264035854476537,0.01703118253477212
2023-07-31,-0.004797686616718165,0.031767739916222316
2023-08-31,0.041137302793293445,-0.033165369093182545
2023-09-29,0.024090061862861147,-0.012183190379237832
2023-10-31,0.03000263116765621,-0.04200902216812771
2023-11-30,-0.038161922413167154,-0.009830940269992039
2023-12-29,-0.027990655191147393,0.07084578761989477
